ID	Description	GeneRatio	BgRatio	RichFactor	FoldEnrichment	zScore	pvalue	p.adjust	qvalue	geneID	Count
ADP binding	ADP binding	254/2989	447/25972	0.568232662192394	4.93748367429269	30.2826298003018	1.37775525926547e-121	1.00576133926379e-118	7.61391064330919e-119	LOC110923780/LOC110923788/LOC110898504/LOC110927193/LOC110927184/LOC110900634/LOC110927186/LOC110926628/LOC110927210/LOC110927215/LOC110927243/LOC110927551/LOC110928691/LOC110928742/LOC110928753/LOC110928898/LOC118490507/LOC110929730/LOC110929728/LOC110932078/LOC110929734/LOC110896332/LOC110935778/LOC110935776/LOC110935775/LOC110935774/LOC110935771/LOC110935784/LOC110932945/LOC110932935/LOC110883529/LOC110877457/LOC110875563/LOC110935785/LOC118491433/LOC110886833/LOC110886834/LOC110883520/LOC110886841/LOC110937304/LOC110942792/LOC110942986/LOC110941279/LOC110944095/LOC110944455/LOC110945094/LOC110866659/LOC110866660/LOC110868047/LOC110866856/LOC110871763/LOC110871778/LOC110870752/LOC110871773/LOC110871800/LOC110871799/LOC110884542/LOC110941878/LOC110875213/LOC110877132/LOC110877134/LOC110877131/LOC110875225/LOC110877148/LOC110875240/LOC110877146/LOC110934038/LOC110875244/LOC110877151/LOC110877161/LOC110874099/LOC110875259/LOC110924474/LOC110877208/LOC110877202/LOC110898036/LOC110877008/LOC110875280/LOC110877186/LOC110877185/LOC110877199/LOC110877198/LOC110877197/LOC110875286/LOC110875284/LOC110877223/LOC110877227/LOC110877237/LOC110877300/LOC110875384/LOC110875551/LOC110875479/LOC110877400/LOC110877402/LOC110875482/LOC110908207/LOC110884978/LOC110885372/LOC110888673/LOC110894014/LOC110899273/LOC110899499/LOC110899549/LOC110899661/LOC110899695/LOC110899787/LOC110899847/LOC110899845/LOC110899843/LOC110902034/LOC110899868/LOC110902036/LOC110902037/LOC110899940/LOC110902093/LOC110902094/LOC110902095/LOC110902096/LOC110899943/LOC110899945/LOC110899946/LOC110899975/LOC110899976/LOC110899981/LOC110902128/LOC110902132/LOC110902134/LOC110899972/LOC110899968/LOC118485509/LOC110902117/LOC110902116/LOC110899966/LOC110923178/LOC110921543/LOC110899948/LOC110899951/LOC110899903/LOC110900021/LOC110900024/LOC110900029/LOC110902166/LOC110900027/LOC110900026/LOC110924277/LOC110900057/LOC110902167/LOC110900066/LOC110900094/LOC110900300/LOC110900299/LOC110900294/LOC110900296/LOC110900295/LOC118485531/LOC110900282/LOC110900283/LOC110900284/LOC110900258/LOC110902309/LOC110902307/LOC110900253/LOC110900250/LOC110902303/LOC110900247/LOC110902352/LOC110926620/LOC110893159/LOC110902350/LOC110902348/LOC110902347/LOC110902346/LOC110902345/LOC118479247/LOC118479246/LOC110902342/LOC110902341/LOC110902339/LOC118479245/LOC110900308/LOC110875961/LOC110913241/LOC110886338/LOC110886334/LOC110865943/LOC110902253/LOC110908409/LOC118479251/LOC118479332/LOC110908444/LOC110908973/LOC110902252/LOC110900191/LOC110902249/LOC110902247/LOC110900181/LOC110900180/LOC118485938/LOC110902242/LOC110902240/LOC118479243/LOC110902238/LOC110900168/LOC110900167/LOC110900165/LOC110900162/LOC110900159/LOC110900677/LOC110900675/LOC110900673/LOC118479387/LOC118479386/LOC110900668/LOC110900667/LOC110894040/LOC118479248/LOC110927204/LOC110927203/LOC110927201/LOC110900360/LOC110902365/LOC110900361/LOC110900362/LOC110900364/LOC110902369/LOC110910874/LOC110913520/LOC110871754/LOC110911872/LOC110912419/LOC110912421/LOC110912767/LOC110916258/LOC110915844/LOC110937773/LOC110917154/LOC110919752/LOC110910157/LOC110916295/LOC110907734/LOC110904694/LOC110915086/LOC110919951/LOC110915087/LOC110915177/LOC110920038/LOC110917403/LOC110921209/LOC110920725/LOC110922050/LOC110920722/LOC118489208/LOC118489712/LOC110929094	254
defense response to other organism	defense response to other organism	139/2989	251/25972	0.553784860557769	4.81194392720186	21.8848399474316	1.60043973153042e-64	5.84160502008602e-62	4.42226767922878e-62	LOC118490507/LOC110942986/LOC110944455/LOC110866856/LOC110941878/LOC110873504/LOC110870417/LOC110870414/LOC110873500/LOC110873528/LOC110888673/LOC110894014/LOC110899499/LOC110899549/LOC110899661/LOC110899695/LOC110899787/LOC110899847/LOC110899845/LOC110899843/LOC110902034/LOC110899868/LOC110902037/LOC110899940/LOC110902093/LOC110902094/LOC110902095/LOC110902096/LOC110899943/LOC110899945/LOC110899946/LOC110899975/LOC110899976/LOC110899981/LOC110902128/LOC110902132/LOC110899972/LOC110899968/LOC118485509/LOC110902117/LOC110902116/LOC110899966/LOC110923178/LOC110921543/LOC110899948/LOC110899951/LOC110899903/LOC110900021/LOC110900024/LOC110900029/LOC110902166/LOC110900027/LOC110900026/LOC110900057/LOC110902167/LOC110900066/LOC110900094/LOC110900300/LOC110900299/LOC110900294/LOC110900296/LOC110900295/LOC118485531/LOC110900282/LOC110900283/LOC110900284/LOC110900258/LOC110902309/LOC110902307/LOC110900253/LOC110900250/LOC110902352/LOC110926620/LOC110893159/LOC110902350/LOC110902348/LOC110902347/LOC110902346/LOC110902345/LOC118479247/LOC118479246/LOC110902339/LOC118479245/LOC110900308/LOC110875961/LOC110913241/LOC110886338/LOC110886334/LOC110865943/LOC110902253/LOC110908409/LOC118479251/LOC118479332/LOC110908444/LOC110908973/LOC110902252/LOC110900191/LOC110902249/LOC110902247/LOC110900180/LOC118485938/LOC110902242/LOC110902240/LOC118479243/LOC110902238/LOC110900168/LOC110900167/LOC110900165/LOC110900159/LOC110900677/LOC110900675/LOC110900673/LOC118479387/LOC118479386/LOC110900668/LOC110900667/LOC110894040/LOC118479248/LOC110927204/LOC110927203/LOC110927201/LOC110900360/LOC110902365/LOC110900361/LOC110900362/LOC110900364/LOC110902369/LOC110910874/LOC110911872/LOC110915844/LOC110919752/LOC110917403/LOC110921209/LOC110920725/LOC110922050/LOC110920722/LOC118489208/LOC118489712/LOC110929094	139
transmembrane receptor protein tyrosine kinase activity	transmembrane receptor protein tyrosine kinase activity	142/2989	315/25972	0.450793650793651	3.91703335510629	18.7844148094554	2.72646649068913e-51	6.63440179401021e-49	5.02243827232208e-49	LOC110883822/LOC118491712/LOC110933885/LOC110883960/LOC110933960/LOC110883969/LOC110927037/LOC110927036/LOC110928705/LOC110931258/LOC110929037/LOC110942887/LOC110942886/LOC110870457/LOC110870459/LOC110877355/LOC110877352/LOC110877455/LOC110877396/LOC110877402/LOC110875886/LOC110875888/LOC110874416/LOC110875891/LOC110882207/LOC110882208/LOC110882209/LOC110885451/LOC110886967/LOC110886970/LOC110926271/LOC118484368/LOC110891181/LOC110888852/LOC118484169/LOC110891179/LOC118484265/LOC110891173/LOC110891172/LOC110888849/LOC110890954/LOC110888831/LOC110888830/LOC110888924/LOC110888925/LOC110942552/LOC110942565/LOC110942590/LOC110942571/LOC110891423/LOC110891424/LOC118484329/LOC110891442/LOC118484209/LOC110888983/LOC110891477/LOC110891478/LOC110891457/LOC110888990/LOC110888995/LOC118484214/LOC118484215/LOC118484216/LOC118484218/LOC118484219/LOC118484342/LOC118484220/LOC118484225/LOC118484226/LOC118484350/LOC118484233/LOC118484353/LOC110896723/LOC118484235/LOC118484236/LOC118484237/LOC118484360/LOC118484238/LOC118484240/LOC118484241/LOC110891497/LOC110889020/LOC110889018/LOC110889013/LOC110889033/LOC118484244/LOC110889032/LOC118484245/LOC110894140/LOC110894135/LOC110892459/LOC110901749/LOC110899378/LOC110899377/LOC110899368/LOC110899367/LOC110901776/LOC110908315/LOC110906862/LOC118486504/LOC110908605/LOC110908553/LOC110908699/LOC110908713/LOC110908814/LOC110908869/LOC110908868/LOC110908885/LOC110912388/LOC110924261/LOC110912955/LOC110914617/LOC110925112/LOC110925109/LOC110925108/LOC118488945/LOC118489673/LOC110891449/LOC118489674/LOC118489675/LOC118489677/LOC118489668/LOC110887495/LOC110891461/LOC110888994/LOC118489679/LOC118489670/LOC118489680/LOC118489681/LOC110891462/LOC110894290/LOC110891459/LOC118489672/LOC118489683/LOC110900660/LOC118489685/LOC110889008/LOC118489687/LOC118489688/LOC110891447/LOC110888987/LOC118489707	142
protein autophosphorylation	protein autophosphorylation	154/2989	387/25972	0.397932816537468	3.45771532656779	17.567027645671	5.06938016212128e-47	9.25161879587134e-45	7.00374890819388e-45	LOC110883822/LOC118491712/LOC110933885/LOC110883960/LOC110933960/LOC110883969/LOC110924735/LOC110927037/LOC110927036/LOC110928705/LOC110931258/LOC110929037/LOC110930824/LOC110939632/LOC110939818/LOC110942887/LOC110942886/LOC110867810/LOC110870457/LOC110870459/LOC110873588/LOC110877355/LOC110877352/LOC110877455/LOC110877396/LOC110877402/LOC110875886/LOC110875888/LOC110874416/LOC110875891/LOC110908201/LOC110882207/LOC110882208/LOC110882209/LOC110885451/LOC110886967/LOC110886970/LOC110926271/LOC110890288/LOC118484368/LOC110891181/LOC110888852/LOC118484169/LOC110891179/LOC118484265/LOC110891173/LOC110891172/LOC110888849/LOC110890954/LOC110888831/LOC110888830/LOC110888924/LOC110888925/LOC110942552/LOC110942565/LOC110942590/LOC110942571/LOC110891423/LOC110891424/LOC118484329/LOC110891442/LOC118484209/LOC110888983/LOC110891477/LOC110891478/LOC110891457/LOC110888990/LOC110888995/LOC118484214/LOC118484215/LOC118484216/LOC118484218/LOC118484219/LOC118484342/LOC118484220/LOC118484225/LOC118484226/LOC118484350/LOC118484233/LOC118484353/LOC110896723/LOC118484235/LOC118484236/LOC118484237/LOC118484360/LOC118484238/LOC118484240/LOC118484241/LOC110891497/LOC110889020/LOC110889018/LOC110889013/LOC110889033/LOC118484244/LOC110889032/LOC118484245/LOC110894140/LOC110894135/LOC110892459/LOC110901749/LOC110899378/LOC110899377/LOC110899368/LOC110899367/LOC110901776/LOC110899783/LOC110908315/LOC110906862/LOC118486504/LOC110908605/LOC110908553/LOC110908699/LOC110908713/LOC110908814/LOC110908869/LOC110908868/LOC110908885/LOC110909911/LOC110910790/LOC110912388/LOC110912508/LOC110924261/LOC110912955/LOC110914617/LOC110925112/LOC110925109/LOC110925108/LOC118488945/LOC118489673/LOC110891449/LOC118489674/LOC118489675/LOC118489677/LOC118489668/LOC110887495/LOC110891461/LOC110888994/LOC118489679/LOC118489670/LOC118489680/LOC118489681/LOC110891462/LOC110894290/LOC110891459/LOC118489672/LOC118489683/LOC110900660/LOC118489685/LOC110889008/LOC118489687/LOC118489688/LOC110891447/LOC110888987/LOC118489707	154
plasmodesma	plasmodesma	147/2989	416/25972	0.353365384615385	3.07046027742749	15.3522156949739	8.62229910144196e-38	1.25885566881053e-35	9.52990953317269e-36	LOC110883822/LOC118491712/LOC110933885/LOC110883960/LOC110933960/LOC110883969/LOC110912495/LOC110927037/LOC110927036/LOC110928705/LOC110931258/LOC110929037/LOC110942887/LOC110942886/LOC110870457/LOC110870459/LOC110923513/LOC110877355/LOC110877352/LOC110877455/LOC110877396/LOC110877402/LOC110875886/LOC110875888/LOC110874416/LOC110875891/LOC110910010/LOC110882207/LOC110882208/LOC110882209/LOC110885451/LOC110886967/LOC110886970/LOC110926271/LOC118484368/LOC110891181/LOC110888852/LOC118484169/LOC110891179/LOC118484265/LOC110891173/LOC110891172/LOC110888849/LOC110890954/LOC110888831/LOC110888830/LOC110888924/LOC110888925/LOC110942552/LOC110942565/LOC110942590/LOC110942571/LOC110891423/LOC110891424/LOC118484329/LOC110891442/LOC118484209/LOC110888983/LOC110891477/LOC110891478/LOC110891457/LOC110888990/LOC110888995/LOC118484214/LOC118484215/LOC118484216/LOC118484218/LOC118484219/LOC118484342/LOC118484220/LOC118484225/LOC118484226/LOC118484350/LOC118484233/LOC118484353/LOC110896723/LOC118484235/LOC118484236/LOC118484237/LOC118484360/LOC118484238/LOC118484240/LOC118484241/LOC110891497/LOC110889020/LOC110889018/LOC110889013/LOC110889033/LOC118484244/LOC110889032/LOC118484245/LOC110894140/LOC110894135/LOC110892459/LOC110901749/LOC110899378/LOC110899377/LOC110899368/LOC110899367/LOC110901776/LOC110908315/LOC110906862/LOC118486504/LOC110908605/LOC110908553/LOC110908699/LOC110908713/LOC110908814/LOC110908869/LOC110908868/LOC110908885/LOC110903735/LOC110909803/LOC110912388/LOC110924261/LOC110912955/LOC110914617/LOC110925112/LOC110925109/LOC110925108/LOC118488945/LOC118489673/LOC110891449/LOC118489674/LOC118489675/LOC118489677/LOC118489668/LOC110887495/LOC110891461/LOC110888994/LOC118489679/LOC118489670/LOC118489680/LOC118489681/LOC110891462/LOC110894290/LOC110891459/LOC118489672/LOC118489683/LOC110900660/LOC118489685/LOC110889008/LOC118489687/LOC118489688/LOC110891447/LOC110888987/LOC118489707	147
defense response	defense response	111/2989	301/25972	0.368770764119601	3.20432060411987	13.872046938218	1.09775275182681e-30	1.33559918138929e-28	1.01108806089311e-28	LOC110923780/LOC110923788/LOC110898504/LOC110927551/LOC110928690/LOC110928691/LOC110928742/LOC110928753/LOC110929730/LOC110929728/LOC110932078/LOC110929734/LOC110896332/LOC110935778/LOC110935776/LOC110935775/LOC110935774/LOC110935771/LOC110935784/LOC110932945/LOC110932935/LOC110883529/LOC110877457/LOC110875563/LOC110935785/LOC118491433/LOC110886833/LOC110886834/LOC110883520/LOC110886841/LOC110936916/LOC110937304/LOC110942792/LOC110941279/LOC110945094/LOC110868945/LOC110871763/LOC110869411/LOC110871778/LOC110870752/LOC110871773/LOC110871800/LOC110871799/LOC110884542/LOC110875213/LOC110877132/LOC110877134/LOC110877131/LOC110875225/LOC110877148/LOC110875240/LOC110877146/LOC110934038/LOC110875244/LOC110877151/LOC110877161/LOC110874099/LOC110875259/LOC110924474/LOC110877208/LOC110877202/LOC110898036/LOC110877008/LOC110875280/LOC110875281/LOC110877186/LOC110877185/LOC110877199/LOC110877198/LOC110877197/LOC110875286/LOC110875284/LOC110877223/LOC110877227/LOC110877237/LOC110877300/LOC110875384/LOC110874159/LOC110875549/LOC110875551/LOC110875479/LOC110877400/LOC110877402/LOC110875482/LOC110930760/LOC110879263/LOC110884978/LOC110881594/LOC110881709/LOC110885372/LOC110890543/LOC110895299/LOC110899273/LOC110904928/LOC110911073/LOC110913520/LOC118479342/LOC110871754/LOC110871753/LOC110912767/LOC110937773/LOC110910157/LOC110916295/LOC110907734/LOC110904694/LOC110915086/LOC110919951/LOC110915087/LOC110915177/LOC110915459/LOC110920038	111
signal transduction	signal transduction	109/2989	327/25972	0.333333333333333	2.89639790342366	12.445315941468	7.00294899871499e-26	7.3030753843742e-24	5.52864394635394e-24	LOC110885804/LOC110876620/LOC110923780/LOC110923788/LOC110898504/LOC110927551/LOC118490370/LOC110928742/LOC110928753/LOC110929730/LOC110929728/LOC110932078/LOC110929734/LOC110896332/LOC110935778/LOC110935776/LOC110935775/LOC110935774/LOC110935771/LOC110935784/LOC110932945/LOC110932935/LOC110883529/LOC110877457/LOC110875563/LOC110935785/LOC110932922/LOC110886833/LOC110886834/LOC110883520/LOC110886841/LOC110936794/LOC118491139/LOC110938065/LOC110942792/LOC110941279/LOC110864599/LOC110937987/LOC110868469/LOC110871763/LOC110871778/LOC110871773/LOC110871800/LOC110871799/LOC110875213/LOC110877124/LOC110875206/LOC110877132/LOC110877134/LOC110877131/LOC110875227/LOC110875226/LOC110875225/LOC110877148/LOC110875240/LOC110877146/LOC110934038/LOC110875249/LOC110875244/LOC110877151/LOC110877161/LOC110877153/LOC110874099/LOC118481654/LOC110925469/LOC110924474/LOC118481657/LOC110877204/LOC110877202/LOC110898036/LOC110874115/LOC110875281/LOC110877186/LOC110877185/LOC110877199/LOC110877200/LOC110877198/LOC110877197/LOC110875284/LOC110877223/LOC110877227/LOC110877237/LOC110877300/LOC110875479/LOC110877400/LOC110877402/LOC110884978/LOC110885372/LOC110890165/LOC110890253/LOC110890888/LOC110895518/LOC110899273/LOC110899983/LOC110899952/LOC110910375/LOC110913520/LOC110871754/LOC110912767/LOC110910157/LOC110916295/LOC110907734/LOC110904694/LOC110915086/LOC110915087/LOC110915177/LOC110919957/LOC110920038/LOC110920831	109
DNA helicase activity	DNA helicase activity	54/2989	114/25972	0.473684210526316	4.11593386275994	12.0239490191786	1.44976171081307e-21	1.32290756111693e-19	1.00148012918008e-19	LOC110876152/LOC110928550/LOC110897747/LOC110931432/LOC110932368/LOC110931383/LOC110932036/LOC110933497/LOC110933940/LOC110934236/LOC110943524/LOC110943699/LOC110943960/LOC118480428/LOC110870088/LOC110870069/LOC110870071/LOC118481008/LOC110876763/LOC110914395/LOC110875302/LOC110881371/LOC110876331/LOC110876532/LOC110884127/LOC110880758/LOC110882397/LOC110886117/LOC110893022/LOC110900468/LOC110900753/LOC118485750/LOC110900979/LOC110900850/LOC110901514/LOC110906905/LOC110902292/LOC110907212/LOC110904307/LOC110913608/LOC118487447/LOC110914377/LOC110914109/LOC110914132/LOC118487530/LOC110914235/LOC110914288/LOC110919688/LOC110919710/LOC110920066/LOC110923820/LOC110924428/LOC110925221/LOC110925219	54
telomere maintenance	telomere maintenance	51/2989	105/25972	0.485714285714286	4.22046551641734	11.9246106099086	4.61772974231227e-21	3.74549190209773e-19	2.83544808738473e-19	LOC110876152/LOC110928550/LOC110897747/LOC110931432/LOC110932368/LOC110931383/LOC110932036/LOC110929740/LOC110933497/LOC110933940/LOC110940612/LOC110943524/LOC110943699/LOC110943960/LOC110870088/LOC110870069/LOC110870071/LOC118481008/LOC110876763/LOC110914395/LOC110875302/LOC110881371/LOC110876331/LOC110876532/LOC110880758/LOC110882397/LOC110893022/LOC110900468/LOC110900753/LOC118485750/LOC110900979/LOC110900850/LOC110901514/LOC110906905/LOC110902292/LOC110907212/LOC110913608/LOC118487447/LOC110914377/LOC110914109/LOC110914132/LOC118487530/LOC110914235/LOC110914288/LOC110919688/LOC110919710/LOC110920066/LOC110923820/LOC110924428/LOC110925221/LOC110925219	51
RNA modification	RNA modification	83/2989	253/25972	0.328063241106719	2.85060505119562	10.6672113458528	1.53811762661906e-19	1.12282586743191e-17	8.50012372605269e-18	LOC110942158/LOC110866650/LOC110912528/LOC110925376/LOC110928648/LOC110928993/LOC110928961/LOC110930147/LOC110936041/LOC110936038/LOC110936536/LOC110937365/LOC110937447/LOC110939933/LOC110940532/LOC110940741/LOC110941051/LOC110941754/LOC110941707/LOC110864758/LOC110878129/LOC110865427/LOC110889662/LOC110867835/LOC110868033/LOC110869260/LOC110873203/LOC110873402/LOC110873271/LOC110873875/LOC110877643/LOC110865986/LOC110876252/LOC110878481/LOC110879061/LOC110879164/LOC110879702/LOC110883932/LOC110884467/LOC110885315/LOC110885583/LOC110885660/LOC110885955/LOC110886020/LOC110889513/LOC118484006/LOC110890151/LOC110893900/LOC110892592/LOC110894912/LOC110895836/LOC110897450/LOC110898096/LOC110898148/LOC110898555/LOC110903025/LOC110901632/LOC110899547/LOC110899825/LOC110899994/LOC110908058/LOC110909335/LOC110908803/LOC110909023/LOC110903901/LOC110904710/LOC110904738/LOC110910193/LOC110910569/LOC110911612/LOC110911805/LOC110912276/LOC110916548/LOC110916168/LOC110916167/LOC110917189/LOC110918729/LOC110915479/LOC110922522/LOC110921257/LOC110923218/LOC110921340/LOC110922356	83
ribonucleoprotein complex	ribonucleoprotein complex	36/2989	60/25972	0.6	5.2135162261626	11.7834852770869	2.81449179131973e-19	1.86779909787582e-17	1.41397912961039e-17	LOC110871530/LOC110871940/LOC110878005/LOC110886321/LOC110918683/LOC110904134/LOC110935757/LOC110936116/LOC110883141/LOC110877989/LOC110936511/LOC110889866/LOC110889865/LOC110889864/LOC110941522/LOC110864237/LOC110909359/LOC110872317/LOC110940515/LOC110885463/LOC110885650/LOC110891870/LOC110890116/LOC110907875/LOC110877895/LOC110895981/LOC110893661/LOC110897028/LOC110899083/LOC110899084/LOC110912091/LOC110915407/LOC110915122/LOC110919802/LOC110921724/LOC110921179	36
ATP-dependent protein folding chaperone	ATP-dependent protein folding chaperone	53/2989	122/25972	0.434426229508197	3.77481366101937	11.0786642461637	4.52414996069955e-19	2.75219122609223e-17	2.08349011348006e-17	LOC110864547/LOC110875354/LOC110903994/LOC110922200/LOC110904418/LOC110929044/LOC110929584/LOC110908124/LOC110929983/LOC110930261/LOC110930260/LOC110878084/LOC110876040/LOC110933216/LOC110936435/LOC110939778/LOC110939857/LOC110940025/LOC110940013/LOC110941380/LOC110943657/LOC110918978/LOC110918971/LOC110878694/LOC110872564/LOC110873124/LOC110912729/LOC110877876/LOC110908792/LOC110883965/LOC110884797/LOC110886560/LOC110895474/LOC110887683/LOC110889421/LOC110894223/LOC110904574/LOC110895573/LOC110896003/LOC110898238/LOC110899004/LOC110898995/LOC110901836/LOC110910475/LOC110910501/LOC110911895/LOC110912655/LOC110940196/LOC110940198/LOC110920205/LOC110914993/LOC110926376/LOC110873297	53
nucleolus	nucleolus	58/2989	162/25972	0.358024691358025	3.11094589626986	9.71951384094143	5.10958998634631e-16	2.86923130002524e-14	2.17209290917556e-14	LOC110927152/LOC110927319/LOC110929290/LOC110930401/LOC110937012/LOC110937141/LOC110937047/LOC110938733/LOC110940493/LOC110941624/LOC110941939/LOC110864236/LOC110864687/LOC110865005/LOC110865558/LOC110865839/LOC110918623/LOC110914632/LOC110868501/LOC110872322/LOC110877083/LOC110878241/LOC110878399/LOC118482256/LOC118481850/LOC110881412/LOC110884645/LOC110884875/LOC110886247/LOC110886693/LOC110908798/LOC110889164/LOC110890169/LOC110890567/LOC110936294/LOC110890107/LOC110893679/LOC110904576/LOC110895421/LOC110898910/LOC110899798/LOC110908064/LOC110908879/LOC110904377/LOC110904650/LOC110904725/LOC110907761/LOC110905144/LOC110911393/LOC110914315/LOC110915921/LOC110918211/LOC110889304/LOC110926290/LOC110877591/LOC110940249/LOC110922011/LOC110925422	58
mRNA binding	mRNA binding	88/2989	341/25972	0.258064516129032	2.24237257039251	8.32818192566731	1.56713383225762e-13	8.17148355391471e-12	6.18605460101691e-12	LOC110945110/LOC110868143/LOC110871530/LOC110871940/LOC110875897/LOC110878005/LOC110904134/LOC118485660/LOC110886329/LOC110927298/LOC118490651/LOC110929507/LOC110929905/LOC110930401/LOC110937976/LOC110883141/LOC110877989/LOC110936616/LOC110936511/LOC110937274/LOC110940062/LOC110940533/LOC110864237/LOC110909359/LOC110865078/LOC110865516/LOC110872025/LOC110872502/LOC110872610/LOC110872622/LOC110873725/LOC110877027/LOC110878804/LOC110908795/LOC110885444/LOC110885463/LOC110886387/LOC110886680/LOC110886582/LOC110891870/LOC110890020/LOC110890210/LOC110907875/LOC110890469/LOC110877895/LOC110890247/LOC110895981/LOC110893661/LOC110893967/LOC110904578/LOC118479225/LOC118485027/LOC110894668/LOC110889343/LOC110897028/LOC110897298/LOC110897508/LOC110897976/LOC110898975/LOC110899192/LOC110904765/LOC110905025/LOC110911335/LOC110911740/LOC118487610/LOC110911741/LOC110911767/LOC110911930/LOC110911876/LOC110911875/LOC110912091/LOC110912112/LOC110912645/LOC110918328/LOC110935951/LOC110889556/LOC110919802/LOC110917469/LOC110904702/LOC110915038/LOC110922300/LOC110921724/LOC110912482/LOC110921181/LOC110926354/LOC110896011/LOC110922362/LOC110920763	88
unfolded protein binding	unfolded protein binding	62/2989	208/25972	0.298076923076923	2.59004812517693	8.30308007792061	7.5919201155514e-13	3.69473445623501e-11	2.7970232004663e-11	LOC110864547/LOC110931608/LOC110903994/LOC110922200/LOC110904418/LOC110929397/LOC110929398/LOC110929403/LOC110929404/LOC110929405/LOC110929296/LOC110929044/LOC110929584/LOC110929563/LOC110908124/LOC110929983/LOC110930261/LOC110930260/LOC110878084/LOC110876040/LOC110933216/LOC110936435/LOC110936804/LOC110939778/LOC110939857/LOC110940025/LOC110940013/LOC110941380/LOC110943657/LOC110865890/LOC110918978/LOC110918971/LOC110872564/LOC110873124/LOC110886746/LOC110912729/LOC110877624/LOC110877876/LOC110877869/LOC110908792/LOC110884990/LOC110884797/LOC110887683/LOC110889421/LOC110889716/LOC110890069/LOC110890350/LOC110895573/LOC110896003/LOC110898238/LOC110899004/LOC110898995/LOC110901836/LOC110910501/LOC110911895/LOC110912655/LOC110940196/LOC110940198/LOC110920205/LOC110914993/LOC110926376/LOC110873297	62
chaperonin-containing T-complex	chaperonin-containing T-complex	17/2989	22/25972	0.772727272727273	6.71437695793668	9.66975521650978	1.55595453236458e-12	7.09904255391339e-11	5.37418506244344e-11	LOC110922200/LOC110904418/LOC110878084/LOC110876040/LOC110933216/LOC110941380/LOC110943657/LOC110873124/LOC110908792/LOC110887683/LOC110889421/LOC110895573/LOC110896003/LOC110898238/LOC110910501/LOC110911895/LOC110920205	17
ribosomal small subunit assembly	ribosomal small subunit assembly	26/2989	54/25972	0.481481481481481	4.18368586050085	8.44559557276938	2.5378953722893e-11	1.08980213045364e-09	8.25012427524386e-10	LOC110912550/LOC110929665/LOC110930974/LOC110930975/LOC110930990/LOC110930999/LOC110931000/LOC110932642/LOC110930997/LOC110930998/LOC110935448/LOC110935633/LOC110935670/LOC110865213/LOC110868582/LOC110921178/LOC110894164/LOC110896508/LOC110896507/LOC110900222/LOC110911208/LOC110912374/LOC110916133/LOC110921599/LOC110924557/LOC110923359	26
DNA repair	DNA repair	64/2989	237/25972	0.270042194092827	2.34644893441917	7.50941159285175	3.92464153697658e-11	1.59166017888495e-09	1.20493380521211e-09	LOC110876152/LOC110928550/LOC110877988/LOC110912584/LOC110897747/LOC110931432/LOC110932368/LOC110931383/LOC110932036/LOC110930350/LOC110933497/LOC110933940/LOC110943524/LOC110942888/LOC110943699/LOC110943960/LOC110915634/LOC110899463/LOC110870088/LOC110870069/LOC110870071/LOC118481008/LOC110876763/LOC110914395/LOC110875302/LOC110881371/LOC110878568/LOC110876331/LOC110876532/LOC110880758/LOC110884257/LOC110882397/LOC110890703/LOC110880939/LOC110893022/LOC110900468/LOC110897570/LOC110900753/LOC118485750/LOC110900979/LOC110900850/LOC110901429/LOC110901514/LOC110899404/LOC110899405/LOC110906905/LOC110902292/LOC110908999/LOC110907212/LOC110913608/LOC118487447/LOC110914377/LOC110914109/LOC110914132/LOC118487530/LOC110914235/LOC110914288/LOC110919688/LOC110919710/LOC110920066/LOC110923820/LOC110924428/LOC110925221/LOC110925219	64
mRNA splicing, via spliceosome	mRNA splicing, via spliceosome	49/2989	159/25972	0.308176100628931	2.67780183524075	7.65286269916375	5.02510365365811e-11	1.93069771956338e-09	1.46159524552383e-09	LOC110877988/LOC110931646/LOC110939951/LOC110882231/LOC110926883/LOC110929339/LOC110931084/LOC110935725/LOC110926743/LOC110902296/LOC110895137/LOC110865106/LOC110865702/LOC110878616/LOC110865831/LOC110908440/LOC110867993/LOC110868835/LOC110872447/LOC110870968/LOC110872502/LOC110872956/LOC110880232/LOC110890703/LOC110890756/LOC110893683/LOC118479285/LOC110896270/LOC110893762/LOC110893758/LOC110894946/LOC110885822/LOC110900254/LOC110900333/LOC118485935/LOC110866145/LOC110908663/LOC110911740/LOC118487610/LOC110911741/LOC110912640/LOC110918497/LOC110937772/LOC110912482/LOC110924111/LOC118489201/LOC110920763/LOC110925358/LOC110925763	49
cytosolic small ribosomal subunit	cytosolic small ribosomal subunit	40/2989	119/25972	0.336134453781513	2.9207373816037	7.5733831918596	1.57251121306883e-10	5.73966592770122e-09	4.34509677295334e-09	LOC110912550/LOC110929665/LOC110929725/LOC110930974/LOC110930975/LOC110930990/LOC110930999/LOC110931000/LOC110932642/LOC110930997/LOC110930998/LOC110935448/LOC110935769/LOC110941610/LOC110942113/LOC110865213/LOC110878616/LOC110868582/LOC110889387/LOC110873778/LOC110921178/LOC110880034/LOC110894164/LOC110896508/LOC110896507/LOC110898962/LOC110900222/LOC110911208/LOC110911451/LOC110911930/LOC110912374/LOC110916133/LOC110915921/LOC110921599/LOC110920856/LOC110924557/LOC110877591/LOC110923359/LOC110926443/LOC110926286	40
protein import into nucleus	protein import into nucleus	25/2989	57/25972	0.43859649122807	3.81104987292587	7.66186167643236	7.43143021461451e-10	2.58330669365171e-08	1.95563953016171e-08	LOC110876676/LOC110933560/LOC110915735/LOC110927183/LOC110929478/LOC110936697/LOC110936801/LOC110937562/LOC110870058/LOC110879752/LOC110880298/LOC110885447/LOC110916667/LOC110928674/LOC110897696/LOC110897815/LOC110898778/LOC110899183/LOC110908744/LOC110890658/LOC110904909/LOC110910947/LOC110939255/LOC110918798/LOC110926058	25
COPII-coated vesicle cargo loading	COPII-coated vesicle cargo loading	13/2989	17/25972	0.764705882352941	6.64467754314841	8.39570202990839	9.21399552271812e-10	3.0573712416292e-08	2.31452040642441e-08	LOC110864246/LOC110877234/LOC110918679/LOC110927268/LOC110864264/LOC110865472/LOC110912258/LOC110886963/LOC110892834/LOC110898117/LOC118479410/LOC110923113/LOC110922061	13
ribosome biogenesis	ribosome biogenesis	23/2989	52/25972	0.442307692307692	3.84329721800448	7.40134022684318	2.89443408827736e-09	9.15316084419304e-08	6.92921332833647e-08	LOC110918683/LOC110904420/LOC110937012/LOC110938733/LOC110940485/LOC110941522/LOC110865918/LOC110940515/LOC110889143/LOC110887526/LOC110889037/LOC110889145/LOC110891596/LOC110887528/LOC110887530/LOC110891597/LOC110891598/LOC110889164/LOC110908027/LOC110909001/LOC110905144/LOC110940249/LOC110940247	23
translation	translation	87/2989	400/25972	0.2175	1.88989963198394	6.4683365757952	3.0092583597347e-09	9.15316084419304e-08	6.92921332833647e-08	LOC110942301/LOC110871567/LOC110879645/LOC110912550/LOC110904417/LOC110927094/LOC110929310/LOC110929665/LOC110929725/LOC110930974/LOC110930975/LOC110930990/LOC110930999/LOC110931000/LOC110932642/LOC110930997/LOC110930998/LOC110935508/LOC110935769/LOC110937976/LOC110915488/LOC110937160/LOC110937065/LOC110937310/LOC110912325/LOC110941610/LOC110941530/LOC110942113/LOC110942292/LOC110865213/LOC110865268/LOC110884024/LOC110878616/LOC110865659/LOC110866606/LOC110886672/LOC110868526/LOC110868582/LOC110889387/LOC110873778/LOC110873810/LOC110878420/LOC110941187/LOC110921178/LOC110880034/LOC110883846/LOC110883977/LOC110885157/LOC110889062/LOC110879625/LOC110936297/LOC110894651/LOC110895066/LOC110896508/LOC110896507/LOC110898242/LOC110898686/LOC110898962/LOC110900222/LOC110908003/LOC110923304/LOC110909340/LOC110909352/LOC110907503/LOC110904321/LOC110910455/LOC110911208/LOC110911451/LOC110911723/LOC110911990/LOC110912374/LOC110916133/LOC110868207/LOC110919391/LOC110919749/LOC110915921/LOC110921483/LOC110922961/LOC110926438/LOC110921599/LOC110920856/LOC110924557/LOC110885498/LOC110877591/LOC110923359/LOC110926443/LOC110926286	87
positive regulation of telomerase activity	positive regulation of telomerase activity	10/2989	11/25972	0.909090909090909	7.89926700933727	8.25358298173355	3.96242683972167e-09	1.11252753576801e-07	8.42216231114931e-08	LOC110889143/LOC110887526/LOC110889037/LOC110889145/LOC110891596/LOC110887528/LOC110887530/LOC110891597/LOC110891598/LOC110940247	10
preribosome binding	preribosome binding	10/2989	11/25972	0.909090909090909	7.89926700933727	8.25358298173355	3.96242683972167e-09	1.11252753576801e-07	8.42216231114931e-08	LOC110889143/LOC110887526/LOC110889037/LOC110889145/LOC110891596/LOC110887528/LOC110887530/LOC110891597/LOC110891598/LOC110940247	10
ribosome	ribosome	92/2989	435/25972	0.211494252873563	1.83771453182743	6.35418235966445	4.69251390648042e-09	1.26871672286323e-07	9.60456062729911e-08	LOC110942301/LOC110871567/LOC110879645/LOC110884280/LOC110912550/LOC110904417/LOC110929665/LOC110929725/LOC110930974/LOC110930975/LOC110930990/LOC110930999/LOC110931000/LOC110932642/LOC110930997/LOC110930998/LOC110935448/LOC110935508/LOC110935769/LOC110933374/LOC110937976/LOC110915488/LOC110877987/LOC110937160/LOC110937065/LOC110937310/LOC110912325/LOC110940663/LOC110941610/LOC110941530/LOC110943821/LOC110942113/LOC110942292/LOC110865213/LOC110865268/LOC110884024/LOC110878616/LOC110865659/LOC110866606/LOC110886672/LOC110868208/LOC110868582/LOC110869181/LOC110872759/LOC110889387/LOC110873778/LOC110873810/LOC110941187/LOC110921178/LOC110880034/LOC110883846/LOC110883977/LOC110885157/LOC110889062/LOC110879625/LOC110936297/LOC110891522/LOC110894164/LOC110895335/LOC110896508/LOC110896507/LOC110898242/LOC110898962/LOC110900222/LOC110908003/LOC110928777/LOC110909340/LOC110909352/LOC110907503/LOC110905027/LOC110910455/LOC110911208/LOC110911723/LOC110911990/LOC110885914/LOC110912138/LOC110912374/LOC110916133/LOC110868207/LOC110918774/LOC110919391/LOC110915444/LOC110919749/LOC110915921/LOC110921483/LOC110922961/LOC110926438/LOC110921599/LOC110924557/LOC110885498/LOC110877591/LOC110923359	92
ribosome binding	ribosome binding	22/2989	50/25972	0.44	3.82324523251924	7.20614982768848	7.191349039243e-09	1.87488742808835e-07	1.41934520511375e-07	LOC110878284/LOC110930340/LOC110941064/LOC110868281/LOC110872317/LOC110873105/LOC110884348/LOC110890116/LOC110890708/LOC110890742/LOC110895487/LOC110899083/LOC110899084/LOC110868621/LOC110908628/LOC110909958/LOC110911930/LOC118488161/LOC110918397/LOC110916633/LOC110926083/LOC110923437	22
translation initiation factor activity	translation initiation factor activity	31/2989	91/25972	0.340659340659341	2.96005500020221	6.75464241760973	1.22213314969737e-08	3.0764041354451e-07	2.32892886965923e-07	LOC110944353/LOC110878606/LOC110894866/LOC118485660/LOC110928754/LOC110937759/LOC110867814/LOC110868940/LOC110873105/LOC110885444/LOC110886254/LOC110886582/LOC110889464/LOC110890652/LOC110890790/LOC110891419/LOC110893728/LOC110896247/LOC110893967/LOC110894052/LOC110904924/LOC110911930/LOC110911876/LOC110911875/LOC110918346/LOC118488261/LOC110930596/LOC110917469/LOC110904702/LOC110896011/LOC110922362	31
core mediator complex	core mediator complex	13/2989	20/25972	0.65	5.64797591167615	7.49889694580606	2.14336621208627e-08	5.21552444940992e-07	3.94830618015892e-07	LOC110872969/LOC110929172/LOC110930015/LOC118491435/LOC110872807/LOC110884442/LOC110899205/LOC110899252/LOC110907369/LOC110904598/LOC118487271/LOC110918924/LOC110923453	13
nuclear localization sequence binding	nuclear localization sequence binding	15/2989	27/25972	0.555555555555556	4.82732983903944	7.17554464650755	3.55884232691875e-08	8.38049967306673e-07	6.34428598177366e-07	LOC110876676/LOC110933560/LOC110915735/LOC110927183/LOC110929478/LOC110936697/LOC110936801/LOC110870058/LOC110937830/LOC110916667/LOC110897815/LOC110898778/LOC110899183/LOC110908744/LOC110939255	15
'de novo' IMP biosynthetic process	'de novo' IMP biosynthetic process	10/2989	13/25972	0.769230769230769	6.68399516174692	7.39239784278074	8.26779315484218e-08	1.88609031344837e-06	1.42782612049084e-06	LOC110936856/LOC110941521/LOC110942221/LOC110865163/LOC110873524/LOC110898870/LOC110909461/LOC110910985/LOC110926122/LOC110922097	10
trehalose metabolism in response to stress	trehalose metabolism in response to stress	12/2989	19/25972	0.631578947368421	5.48791181701326	7.05718117699369	1.22087593693718e-07	2.7007255574671e-06	2.04452908099528e-06	LOC110929887/LOC110929427/LOC110864569/LOC110865498/LOC110871703/LOC110889842/LOC110895035/LOC110897517/LOC110911314/LOC110918730/LOC110921706/LOC110925492	12
COPII vesicle coat	COPII vesicle coat	13/2989	23/25972	0.565217391304348	4.91128340145752	6.76747757019585	2.2606728053785e-07	4.85379749390089e-06	3.67446818211675e-06	LOC110864246/LOC110877234/LOC110918679/LOC110927268/LOC110864264/LOC110865472/LOC110912258/LOC110886963/LOC110892834/LOC110898117/LOC118479410/LOC110923113/LOC110922061	13
translational initiation	translational initiation	22/2989	59/25972	0.372881355932203	3.24003833264342	6.21192986401706	2.58273414819225e-07	5.3868455090867e-06	4.07800128661934e-06	LOC110944353/LOC110894866/LOC118485660/LOC110867814/LOC110873614/LOC110868940/LOC110873105/LOC110873131/LOC110873132/LOC110886254/LOC110883621/LOC110891543/LOC110889464/LOC110890652/LOC110891419/LOC110896247/LOC110894052/LOC110904924/LOC110911930/LOC110918346/LOC118488261/LOC110930596	22
small-subunit processome	small-subunit processome	21/2989	55/25972	0.381818181818182	3.31769214392165	6.20509827530265	3.01933943507768e-07	6.12254941001863e-06	4.63495088718065e-06	LOC110874977/LOC110935633/LOC110935670/LOC110937141/LOC110940493/LOC110864687/LOC110868558/LOC118481158/LOC110878241/LOC110878886/LOC110898381/LOC110899798/LOC110908879/LOC110904187/LOC110904725/LOC110910179/LOC110917932/LOC110911536/LOC110923310/LOC110909797/LOC110926290	21
nuclear import signal receptor activity	nuclear import signal receptor activity	14/2989	27/25972	0.518518518518518	4.50550784977014	6.57218717554308	3.22305587146423e-07	6.19165996360233e-06	4.68726961916543e-06	LOC110876676/LOC110933560/LOC110915735/LOC110927183/LOC110929478/LOC110936697/LOC110936801/LOC110870058/LOC110916667/LOC110897815/LOC110898778/LOC110899183/LOC110908744/LOC110939255	14
small GTPase binding	small GTPase binding	14/2989	27/25972	0.518518518518518	4.50550784977014	6.57218717554308	3.22305587146423e-07	6.19165996360233e-06	4.68726961916543e-06	LOC110915735/LOC110929478/LOC110936697/LOC110930623/LOC110936801/LOC110937562/LOC110870058/LOC110936279/LOC110879752/LOC110916667/LOC110928674/LOC110910947/LOC110918798/LOC110926058	14
recognition of pollen	recognition of pollen	41/2989	158/25972	0.259493670886076	2.25479077291842	5.70526921316479	3.82740739380362e-07	7.16412153199139e-06	5.42345177259622e-06	LOC118484204/LOC110940556/LOC110944500/LOC110865377/LOC110867887/LOC110869793/LOC110872489/LOC110872488/LOC110872486/LOC110869789/LOC110872483/LOC110872484/LOC110944046/LOC110872478/LOC110872476/LOC110872477/LOC110872475/LOC110869805/LOC110872526/LOC110884288/LOC110882858/LOC110886000/LOC110886483/LOC110887958/LOC110887960/LOC110887962/LOC110889909/LOC110889910/LOC110889938/LOC110920837/LOC110890062/LOC110891037/LOC118479263/LOC110919453/LOC110894993/LOC110892910/LOC110892908/LOC110886482/LOC110892904/LOC110910640/LOC118479363	41
intracellular anatomical structure	intracellular anatomical structure	18/2989	43/25972	0.418604651162791	3.6373369019739	6.24181497148119	4.18566855757172e-07	7.63884511756838e-06	5.78283155980303e-06	LOC110937047/LOC110864236/LOC110864850/LOC110878399/LOC110879639/LOC110882180/LOC110881412/LOC110884645/LOC110884875/LOC110886153/LOC110936294/LOC110904859/LOC110893245/LOC110907761/LOC110926236/LOC110926235/LOC110921088/LOC110921441	18
endoplasmic reticulum exit site	endoplasmic reticulum exit site	13/2989	24/25972	0.541666666666667	4.70664659306345	6.55147053165297	4.41053753336118e-07	7.85290829110649e-06	5.944883709922e-06	LOC110864246/LOC110877234/LOC110918679/LOC110927268/LOC110864264/LOC110865472/LOC110912258/LOC110886963/LOC110892834/LOC110898117/LOC118479410/LOC110923113/LOC110922061	13
maturation of SSU-rRNA from tricistronic rRNA transcript (SSU-rRNA, 5.8S rRNA, LSU-rRNA)	maturation of SSU-rRNA from tricistronic rRNA transcript (SSU-rRNA, 5.8S rRNA, LSU-rRNA)	18/2989	44/25972	0.409090909090909	3.55467015420177	6.11618479244177	6.322020430415e-07	1.09882736052451e-05	8.31844793475658e-06	LOC110904420/LOC110929725/LOC110935633/LOC110935670/LOC110937047/LOC110940493/LOC110942113/LOC110864236/LOC110865918/LOC110872322/LOC110889387/LOC110878241/LOC110886693/LOC110936294/LOC110898962/LOC110908027/LOC110908879/LOC110925422	18
protein folding	protein folding	42/2989	167/25972	0.251497005988024	2.18530620258312	5.54167172924082	6.9120058193608e-07	1.17343354607753e-05	8.883238813132e-06	LOC110868248/LOC110931608/LOC110922200/LOC110904418/LOC110929397/LOC110929398/LOC110929403/LOC110929404/LOC110929405/LOC110929296/LOC110929584/LOC110929983/LOC110878084/LOC110876040/LOC110933216/LOC110941380/LOC110943657/LOC110865890/LOC110873124/LOC110886746/LOC110877624/LOC110908792/LOC110886560/LOC110895474/LOC110887683/LOC110889421/LOC110930210/LOC110894223/LOC110904574/LOC110895573/LOC110896003/LOC110898238/LOC110899004/LOC110898995/LOC110868914/LOC110910501/LOC110911895/LOC110912655/LOC110920205/LOC110914993/LOC110920725/LOC110873297	42
nucleoplasm	nucleoplasm	15/2989	33/25972	0.454545454545455	3.94963350466863	6.11437890470423	1.07917030625181e-06	1.79044164446324e-05	1.35541725067513e-05	LOC110927152/LOC110929339/LOC110929564/LOC110940509/LOC110880014/LOC110880234/LOC110889713/LOC110904576/LOC110911440/LOC110911441/LOC110911740/LOC118487610/LOC110911741/LOC110915520/LOC110925869	15
GTPase activity	GTPase activity	60/2989	280/25972	0.214285714285714	1.86197008077236	5.22969288672737	1.34847854943346e-06	2.18753186908095e-05	1.65602628877794e-05	LOC110943384/LOC110878606/LOC110910191/LOC110867888/LOC110904420/LOC110927094/LOC118490578/LOC110929501/LOC110898952/LOC110937385/LOC110940095/LOC110940746/LOC110940904/LOC110865507/LOC110870589/LOC110884601/LOC110865918/LOC110867693/LOC110867677/LOC110867814/LOC110943163/LOC110868526/LOC110872317/LOC110873866/LOC110878216/LOC110879232/LOC110884259/LOC110885516/LOC110885577/LOC110881968/LOC110885241/LOC110890116/LOC110888229/LOC110937519/LOC110920409/LOC110890790/LOC110894651/LOC110894717/LOC110895066/LOC110896077/LOC110896176/LOC110897292/LOC110897777/LOC110898686/LOC110899083/LOC110899084/LOC110908027/LOC110908223/LOC110923304/LOC110904321/LOC110910122/LOC110911393/LOC110911590/LOC110918093/LOC110918584/LOC110867663/LOC110889304/LOC110920948/LOC110920923/LOC110886134	60
cellular response to unfolded protein	cellular response to unfolded protein	21/2989	60/25972	0.35	3.04121779859485	5.70845312703966	1.61632693146406e-06	2.56504056514948e-05	1.94181153093508e-05	LOC110864547/LOC110903994/LOC110929044/LOC110908124/LOC110930261/LOC110930260/LOC110936435/LOC110939778/LOC110939857/LOC110940025/LOC110940013/LOC110918978/LOC110918971/LOC110872564/LOC110912729/LOC110877876/LOC110884797/LOC110901836/LOC110940196/LOC110940198/LOC110926376	21
protein refolding	protein refolding	27/2989	90/25972	0.3	2.6067581130813	5.50651434430353	1.84008154096927e-06	2.85799898916503e-05	2.16358971782501e-05	LOC110864547/LOC110875354/LOC110903994/LOC110929044/LOC110908124/LOC110930261/LOC110930260/LOC110936435/LOC110939778/LOC110939857/LOC110940025/LOC110940013/LOC110918978/LOC110918971/LOC110878694/LOC110872564/LOC110912729/LOC110877876/LOC110883965/LOC110884797/LOC110890350/LOC110901836/LOC110910475/LOC110940196/LOC110940198/LOC110926376/LOC110868683	27
endocytosis	endocytosis	18/2989	48/25972	0.375	3.25844764135162	5.6478554632828	2.84965552452011e-06	4.33385111020767e-05	3.28085339994092e-05	LOC110885804/LOC110876620/LOC110922767/LOC110927222/LOC110933495/LOC110936794/LOC110938065/LOC110868469/LOC110877153/LOC110883990/LOC110890253/LOC110890863/LOC110890888/LOC110890911/LOC110899983/LOC110899952/LOC110910386/LOC110910375	18
perinuclear region of cytoplasm	perinuclear region of cytoplasm	8/2989	11/25972	0.727272727272727	6.31941360746981	6.36360667937566	3.64753243213707e-06	5.43407892951033e-05	4.11375838210948e-05	LOC110929584/LOC110929983/LOC110931091/LOC110899004/LOC110898995/LOC110912655/LOC110914993/LOC110873297	8
heat shock protein binding	heat shock protein binding	22/2989	68/25972	0.323529411764706	2.81120972979356	5.39316513507179	4.11984743619714e-06	6.01497725684782e-05	4.55351558737579e-05	LOC110864547/LOC110903994/LOC110929044/LOC110908124/LOC110930261/LOC110930260/LOC110936435/LOC110939778/LOC110939857/LOC110940025/LOC110940013/LOC110918978/LOC110918971/LOC110872564/LOC110912729/LOC110877876/LOC110884797/LOC110890350/LOC110901836/LOC110940196/LOC110940198/LOC110926376	22
structural constituent of nuclear pore	structural constituent of nuclear pore	14/2989	32/25972	0.4375	3.80152224824356	5.71857753912824	4.32401070679288e-06	6.1892702273702e-05	4.68546051819662e-05	LOC118479786/LOC110911471/LOC110911506/LOC110872343/LOC110929971/LOC110904228/LOC110937830/LOC110880170/LOC110880298/LOC110885447/LOC110897696/LOC110890658/LOC110904909/LOC110917254	14
translational elongation	translational elongation	13/2989	29/25972	0.448275862068966	3.89515580115596	5.6255472432272	6.86379705369622e-06	9.63571509461201e-05	7.29452116030469e-05	LOC110913863/LOC110927094/LOC110877987/LOC110941672/LOC110868526/LOC110885476/LOC110890116/LOC110898686/LOC110899083/LOC110899084/LOC110904321/LOC110885914/LOC110916994	13
ATPase-coupled intramembrane lipid transporter activity	ATPase-coupled intramembrane lipid transporter activity	10/2989	18/25972	0.555555555555556	4.82732983903944	5.85779176046162	7.31288738324034e-06	9.70619598139172e-05	7.34787727502618e-05	LOC110908859/LOC110935506/LOC110935395/LOC110935509/LOC110940604/LOC110872136/LOC110894557/LOC110895959/LOC110914979/LOC110920580	10
phospholipid translocation	phospholipid translocation	10/2989	18/25972	0.555555555555556	4.82732983903944	5.85779176046162	7.31288738324034e-06	9.70619598139172e-05	7.34787727502618e-05	LOC110908859/LOC110935506/LOC110935395/LOC110935509/LOC110940604/LOC110872136/LOC110894557/LOC110895959/LOC110914979/LOC110920580	10
translation initiation factor binding	translation initiation factor binding	10/2989	18/25972	0.555555555555556	4.82732983903944	5.85779176046162	7.31288738324034e-06	9.70619598139172e-05	7.34787727502618e-05	LOC118485660/LOC110868940/LOC110886254/LOC110890652/LOC110891419/LOC110896247/LOC110894052/LOC110904924/LOC118488261/LOC110930596	10
eukaryotic translation initiation factor 3 complex	eukaryotic translation initiation factor 3 complex	11/2989	22/25972	0.5	4.3445968551355	5.65966038382361	9.64188983996918e-06	0.00012568892112817	9.51502286839064e-05	LOC110944353/LOC110928754/LOC110937759/LOC110886254/LOC110890652/LOC110891419/LOC110896247/LOC110894052/LOC110918346/LOC118488261/LOC110930596	11
transcription regulator complex	transcription regulator complex	12/2989	26/25972	0.461538461538462	4.01039709704815	5.53833458104909	1.07563064716928e-05	0.0001377562056901	0.000104285519808655	LOC110924365/LOC110941377/LOC110868778/LOC118480404/LOC110871933/LOC110879368/LOC110889535/LOC110889539/LOC110926055/LOC110898407/LOC110904255/LOC110904553	12
mediator complex	mediator complex	19/2989	57/25972	0.333333333333333	2.89639790342366	5.16886539774728	1.13181160257155e-05	0.000142452149978833	0.000107840488448287	LOC110872969/LOC110929172/LOC110930015/LOC118491435/LOC110865370/LOC110872807/LOC110884144/LOC110884442/LOC110886297/LOC110889584/LOC110894093/LOC110926055/LOC110899205/LOC110899252/LOC110907369/LOC110904598/LOC118487271/LOC110918924/LOC110923453	19
RNA helicase activity	RNA helicase activity	24/2989	83/25972	0.289156626506024	2.51253794031932	4.97727481814802	1.3533081221664e-05	0.000167443208335843	0.000126759458365274	LOC110879022/LOC118484321/LOC110926154/LOC110935757/LOC110935927/LOC110937543/LOC110940479/LOC110889866/LOC110889865/LOC110889864/LOC110943875/LOC110942176/LOC110864383/LOC110865465/LOC110865833/LOC110877034/LOC110915214/LOC110886229/LOC110883614/LOC110893728/LOC110894081/LOC110899322/LOC110911092/LOC110920462	24
3'-5'-RNA exonuclease activity	3'-5'-RNA exonuclease activity	12/2989	27/25972	0.444444444444444	3.86186387123155	5.36547223361413	1.73331057668943e-05	0.000210886120163881	0.000159647026800342	LOC118481998/LOC110865839/LOC110868428/LOC110914632/LOC110868501/LOC110873267/LOC118482256/LOC118481850/LOC110890045/LOC110890567/LOC110904377/LOC110923556	12
valine biosynthetic process	valine biosynthetic process	8/2989	13/25972	0.615384615384615	5.34719612939753	5.65380553195727	2.29658649741805e-05	0.000273416709939852	0.00020698453167761	LOC110924068/LOC110932461/LOC110864886/LOC110868276/LOC110872393/LOC110901296/LOC110918538/LOC110926456	8
protein-containing complex	protein-containing complex	7/2989	10/25972	0.7	6.0824355971897	5.79704599857684	2.32216931729738e-05	0.000273416709939852	0.00020698453167761	LOC110929584/LOC110929983/LOC110899004/LOC110898995/LOC110912655/LOC110914993/LOC110873297	7
structural constituent of cytoskeleton	structural constituent of cytoskeleton	14/2989	37/25972	0.378378378378378	3.28780302550794	5.02204154339607	3.20343406424324e-05	0.000371191566174217	0.000281002988091513	LOC110867888/LOC110898952/LOC110940095/LOC110940904/LOC110865507/LOC110884601/LOC110867693/LOC110867677/LOC110873866/LOC110878216/LOC110885516/LOC110894717/LOC110897292/LOC110897777	14
misfolded protein binding	misfolded protein binding	21/2989	72/25972	0.291666666666667	2.53434816549571	4.7015842158363	3.98012984425101e-05	0.000453983560359881	0.000343678975038122	LOC110864547/LOC110903994/LOC110929044/LOC110908124/LOC110930261/LOC110930260/LOC110936435/LOC110939778/LOC110939857/LOC110940025/LOC110940013/LOC110918978/LOC110918971/LOC110872564/LOC110912729/LOC110877876/LOC110884797/LOC110901836/LOC110940196/LOC110940198/LOC110926376	21
clathrin vesicle coat	clathrin vesicle coat	7/2989	11/25972	0.636363636363636	5.52948690653609	5.41861852819671	5.74764744694382e-05	0.000635724641858938	0.000481262346035966	LOC110922767/LOC110927222/LOC110933495/LOC110883990/LOC110890863/LOC110890911/LOC110910386	7
NAD(P)H oxidase H2O2-forming activity	NAD(P)H oxidase H2O2-forming activity	7/2989	11/25972	0.636363636363636	5.52948690653609	5.41861852819671	5.74764744694382e-05	0.000635724641858938	0.000481262346035966	LOC110911127/LOC110870266/LOC110873242/LOC110873243/LOC110941782/LOC110941781/LOC110886745	7
exonucleolytic trimming to generate mature 3'-end of 5.8S rRNA from tricistronic rRNA transcript (SSU-rRNA, 5.8S rRNA, LSU-rRNA)	exonucleolytic trimming to generate mature 3'-end of 5.8S rRNA from tricistronic rRNA transcript (SSU-rRNA, 5.8S rRNA, LSU-rRNA)	9/2989	18/25972	0.5	4.3445968551355	5.11896092681565	6.41660336221618e-05	0.000678858036872147	0.000513915601092829	LOC110915756/LOC110865839/LOC110914632/LOC110868501/LOC118482256/LOC118481850/LOC110890567/LOC110898428/LOC110904377	9
nuclear polyadenylation-dependent rRNA catabolic process	nuclear polyadenylation-dependent rRNA catabolic process	9/2989	18/25972	0.5	4.3445968551355	5.11896092681565	6.41660336221618e-05	0.000678858036872147	0.000513915601092829	LOC110915756/LOC110865839/LOC110914632/LOC110868501/LOC118482256/LOC118481850/LOC110890567/LOC110898428/LOC110904377	9
nuclear polyadenylation-dependent tRNA catabolic process	nuclear polyadenylation-dependent tRNA catabolic process	9/2989	18/25972	0.5	4.3445968551355	5.11896092681565	6.41660336221618e-05	0.000678858036872147	0.000513915601092829	LOC110915756/LOC110865839/LOC110914632/LOC110868501/LOC118482256/LOC118481850/LOC110890567/LOC110898428/LOC110904377	9
cell projection	cell projection	10/2989	22/25972	0.454545454545455	3.94963350466863	4.99131124504258	6.98643853829237e-05	0.000718323962387807	0.00054379247332891	LOC110943163/LOC110885577/LOC110888229/LOC110896077/LOC110896176/LOC110908223/LOC110918584/LOC110920948/LOC110920923/LOC110886134	10
cortical cytoskeleton organization	cortical cytoskeleton organization	10/2989	22/25972	0.454545454545455	3.94963350466863	4.99131124504258	6.98643853829237e-05	0.000718323962387807	0.00054379247332891	LOC110943163/LOC110885577/LOC110888229/LOC110896077/LOC110896176/LOC110908223/LOC110918584/LOC110920948/LOC110920923/LOC110886134	10
cellular response to heat	cellular response to heat	12/2989	31/25972	0.387096774193548	3.36355885558877	4.74851535210593	9.0472428923432e-05	0.000917289904362575	0.00069441557287722	LOC110879962/LOC110929584/LOC110929983/LOC110941671/LOC110866594/LOC110873716/LOC110899004/LOC110898995/LOC110912655/LOC110914993/LOC110868683/LOC110873297	12
calmodulin binding	calmodulin binding	27/2989	110/25972	0.245454545454545	2.13280209252106	4.2936166516705	9.91145161213409e-05	0.000991145161213409	0.000750326185489603	LOC110866564/LOC110876470/LOC110924735/LOC110930824/LOC110939632/LOC110939818/LOC110940219/LOC110940629/LOC110865694/LOC110878379/LOC110867810/LOC110916604/LOC110873588/LOC110877854/LOC110908201/LOC110879113/LOC110879349/LOC110886181/LOC110890288/LOC110921049/LOC110925729/LOC110899783/LOC110909911/LOC110910790/LOC110911027/LOC110912372/LOC110912508	27
protein targeting to chloroplast	protein targeting to chloroplast	9/2989	19/25972	0.473684210526316	4.11593386275994	4.8997642337057	0.000109458850279467	0.00105111827278209	0.000795727603764383	LOC110915827/LOC110884228/LOC110940746/LOC110869891/LOC110884259/LOC110910122/LOC110911590/LOC110914660/LOC110867663	9
P-type proton-exporting transporter activity	P-type proton-exporting transporter activity	10/2989	23/25972	0.434782608695652	3.77791030881348	4.80646472712908	0.000110871379457837	0.00105111827278209	0.000795727603764383	LOC110871907/LOC110935782/LOC110940643/LOC110941955/LOC110865545/LOC110885347/LOC110873767/LOC110894008/LOC110925413/LOC110925412	10
regulation of actin cytoskeleton organization	regulation of actin cytoskeleton organization	10/2989	23/25972	0.434782608695652	3.77791030881348	4.80646472712908	0.000110871379457837	0.00105111827278209	0.000795727603764383	LOC110943163/LOC110885577/LOC110888229/LOC110896077/LOC110896176/LOC110908223/LOC110918584/LOC110920948/LOC110920923/LOC110886134	10
regulation of intracellular pH	regulation of intracellular pH	10/2989	23/25972	0.434782608695652	3.77791030881348	4.80646472712908	0.000110871379457837	0.00105111827278209	0.000795727603764383	LOC110871907/LOC110935782/LOC110940643/LOC110941955/LOC110865545/LOC110885347/LOC110873767/LOC110894008/LOC110925413/LOC110925412	10
transcription coregulator activity	transcription coregulator activity	23/2989	88/25972	0.261363636363636	2.27103926518446	4.30713557978749	0.000114988387674022	0.00107617337182097	0.000814695054370599	LOC110864993/LOC110872969/LOC110883618/LOC110929172/LOC110930015/LOC118491435/LOC110941154/LOC110899463/LOC110871767/LOC110872807/LOC110884442/LOC110922488/LOC110894269/LOC110896128/LOC110899205/LOC110899252/LOC110908999/LOC110907369/LOC110904598/LOC118487271/LOC110918924/LOC110923453/LOC110921986	23
GTP binding	GTP binding	60/2989	323/25972	0.185758513931889	1.61409171088625	4.00500638443809	0.000122551976906445	0.00113244231824943	0.000857292310138359	LOC110943384/LOC110876626/LOC110878606/LOC110910191/LOC110867888/LOC110904420/LOC110927094/LOC118490578/LOC110929501/LOC110898952/LOC110940095/LOC110940746/LOC110940904/LOC110865507/LOC110870589/LOC110884601/LOC110865918/LOC110867693/LOC110867677/LOC110867814/LOC110943163/LOC110868526/LOC110872317/LOC110873866/LOC110878216/LOC110879232/LOC110884259/LOC110885516/LOC110885577/LOC110890116/LOC110888229/LOC110937519/LOC110920409/LOC110890790/LOC110894651/LOC110894717/LOC110895066/LOC110895487/LOC110896077/LOC110896176/LOC110897292/LOC110897777/LOC110898686/LOC110898910/LOC110899083/LOC110899084/LOC110908027/LOC110908223/LOC110923304/LOC110904321/LOC110910122/LOC110911393/LOC110911590/LOC110918093/LOC110918584/LOC110867663/LOC110889304/LOC110920948/LOC110920923/LOC110886134	60
histone acetyltransferase complex	histone acetyltransferase complex	7/2989	12/25972	0.583333333333333	5.06869633099141	5.08390575875138	0.000124180737121308	0.00113314922623194	0.000857827460377457	LOC110941377/LOC110871933/LOC110879368/LOC110889535/LOC110889539/LOC110904009/LOC110904255	7
trehalose biosynthetic process	trehalose biosynthetic process	12/2989	32/25972	0.375	3.25844764135162	4.61003226486164	0.000129657275270855	0.00116851618453981	0.000884601293270944	LOC110929887/LOC110929427/LOC110864569/LOC110865498/LOC110871703/LOC110889842/LOC110895035/LOC110897517/LOC110911314/LOC110918730/LOC110921706/LOC110925492	12
proteasome regulatory particle, base subcomplex	proteasome regulatory particle, base subcomplex	11/2989	28/25972	0.392857142857143	3.41361181474932	4.60820622236531	0.000151958567684672	0.00135280188304647	0.00102411101456293	LOC110927309/LOC110940645/LOC110871849/LOC110884941/LOC110883254/LOC110886799/LOC118482768/LOC110886801/LOC110889525/LOC110893865/LOC110921450	11
spliceosomal complex	spliceosomal complex	12/2989	33/25972	0.363636363636364	3.15970680373491	4.47691745438944	0.00018251488083246	0.00159023369160241	0.00120385391217198	LOC110882231/LOC110926883/LOC110942932/LOC110865831/LOC110872819/LOC110872956/LOC110873893/LOC110870695/LOC110879745/LOC110880232/LOC110893758/LOC110896446	12
protein serine/threonine kinase activity	protein serine/threonine kinase activity	75/2989	432/25972	0.173611111111111	1.50854057469983	3.8438016737649	0.000182985794650141	0.00159023369160241	0.00120385391217198	LOC110885804/LOC110876620/LOC110911338/LOC110912584/LOC110887710/LOC110929514/LOC110931026/LOC110936794/LOC118491139/LOC110938065/LOC110940612/LOC110940556/LOC110864599/LOC110944500/LOC110865377/LOC110867887/LOC110868469/LOC110927133/LOC110872101/LOC110869793/LOC110872489/LOC110872488/LOC110872486/LOC110872483/LOC110872484/LOC110944046/LOC110872478/LOC110872476/LOC110872477/LOC110872475/LOC110872526/LOC110877153/LOC110875316/LOC110877225/LOC110877241/LOC110877247/LOC118481981/LOC110875884/LOC110884288/LOC110886000/LOC110886398/LOC110887960/LOC110887962/LOC110889909/LOC110889910/LOC110889938/LOC110920837/LOC110890062/LOC110890253/LOC110890888/LOC110891037/LOC110919453/LOC110894153/LOC110894993/LOC110892910/LOC110892908/LOC110886482/LOC110899983/LOC110899952/LOC110900112/LOC110908601/LOC110908590/LOC110908919/LOC110907410/LOC110903784/LOC110903783/LOC110907408/LOC110905916/LOC118486556/LOC110907406/LOC110903780/LOC110907404/LOC110910375/LOC110910640/LOC110917951	75
polyubiquitin modification-dependent protein binding	polyubiquitin modification-dependent protein binding	11/2989	30/25972	0.366666666666667	3.18603769376603	4.32036541825511	0.000310688226297402	0.00266826359055416	0.00201995441245989	LOC110881556/LOC110875913/LOC110880014/LOC110885745/LOC110890996/LOC110891279/LOC110904277/LOC110911440/LOC110911441/LOC110915520/LOC110925869	11
defense response to fungus	defense response to fungus	14/2989	45/25972	0.311111111111111	2.70330470986209	4.1240735826097	0.000359540880079282	0.003051916772766	0.00231039121225977	LOC110932946/LOC110866659/LOC110866660/LOC110868047/LOC110898811/LOC110908207/LOC110902036/LOC110924277/LOC110902342/LOC110900181/LOC110900162/LOC110905135/LOC110912419/LOC110912421	14
regulation of cell shape	regulation of cell shape	10/2989	26/25972	0.384615384615385	3.34199758087346	4.30865622465664	0.000371785656425216	0.00311958079529204	0.00236161487747415	LOC110943163/LOC110885577/LOC110888229/LOC110896077/LOC110896176/LOC110908223/LOC110918584/LOC110920948/LOC110920923/LOC110886134	10
microtubule cytoskeleton organization	microtubule cytoskeleton organization	17/2989	61/25972	0.278688524590164	2.42157857499356	4.0086453460209	0.000382877513429431	0.0031761430091305	0.00240443414534032	LOC110867888/LOC110929715/LOC110898952/LOC110940095/LOC110940904/LOC110865507/LOC110884601/LOC110867693/LOC110867677/LOC110873866/LOC110878216/LOC110885516/LOC110890063/LOC110894717/LOC110897292/LOC110897777/LOC110898987	17
cytosolic large ribosomal subunit	cytosolic large ribosomal subunit	40/2989	202/25972	0.198019801980198	1.72063241787544	3.70796994797853	0.000417299431449777	0.00342279308941952	0.00259115554714528	LOC110942301/LOC110871567/LOC110884280/LOC110933374/LOC110877987/LOC110937160/LOC110937065/LOC110912325/LOC110940663/LOC110943821/LOC110942292/LOC110884024/LOC110868208/LOC110869181/LOC110872203/LOC110872759/LOC110941187/LOC110883846/LOC110883977/LOC110885157/LOC110889062/LOC110879625/LOC110936297/LOC110891522/LOC110895335/LOC110928777/LOC110909352/LOC110907503/LOC110905027/LOC110910455/LOC110911723/LOC110911990/LOC110885914/LOC110912138/LOC110868207/LOC110918774/LOC110919391/LOC110915444/LOC110919749/LOC110885498	40
nuclear envelope	nuclear envelope	9/2989	22/25972	0.409090909090909	3.55467015420177	4.32296210626155	0.000426955491505072	0.00342502756921651	0.00259284711440327	LOC110937562/LOC110868254/LOC110889248/LOC110868330/LOC110868329/LOC110872336/LOC110928674/LOC110910947/LOC110918798	9
siRNA processing	siRNA processing	9/2989	22/25972	0.409090909090909	3.55467015420177	4.32296210626155	0.000426955491505072	0.00342502756921651	0.00259284711440327	LOC110884494/LOC110933906/LOC110937278/LOC110872826/LOC110872827/LOC110869964/LOC110872865/LOC110893899/LOC110918210	9
polyadenylation-dependent snoRNA 3'-end processing	polyadenylation-dependent snoRNA 3'-end processing	7/2989	14/25972	0.5	4.3445968551355	4.51415135001978	0.000436372023301375	0.00346251714141308	0.0026212278287554	LOC110865839/LOC110914632/LOC110868501/LOC118482256/LOC118481850/LOC110890567/LOC110904377	7
isoleucine biosynthetic process	isoleucine biosynthetic process	8/2989	18/25972	0.444444444444444	3.86186387123155	4.38013009316969	0.000458506779520748	0.00355868308016103	0.00269402828707216	LOC110924068/LOC110932461/LOC110864886/LOC110868276/LOC110872393/LOC110901296/LOC110918538/LOC110926456	8
maturation of SSU-rRNA	maturation of SSU-rRNA	8/2989	18/25972	0.444444444444444	3.86186387123155	4.38013009316969	0.000458506779520748	0.00355868308016103	0.00269402828707216	LOC110864687/LOC110868582/LOC110896508/LOC110896507/LOC110898381/LOC110911208/LOC110924557/LOC110923359	8
small GTPase-mediated signal transduction	small GTPase-mediated signal transduction	12/2989	36/25972	0.333333333333333	2.89639790342366	4.10613433255066	0.000463116291253833	0.00355868308016103	0.00269402828707216	LOC110943163/LOC110885577/LOC110888229/LOC110896077/LOC110896176/LOC110908223/LOC110910987/LOC110913405/LOC110918584/LOC110920948/LOC110920923/LOC110886134	12
P-type calcium transporter activity	P-type calcium transporter activity	11/2989	32/25972	0.34375	2.98691033790565	4.05575962772834	0.000590075773681871	0.00448703452903923	0.00339681777612919	LOC110876470/LOC110927946/LOC110940629/LOC118479706/LOC110865694/LOC110916604/LOC110879349/LOC110886181/LOC110902435/LOC110901606/LOC110911027	11
translation elongation factor activity	translation elongation factor activity	13/2989	42/25972	0.30952380952381	2.6895123388934	3.95174297386602	0.00061142512822025	0.00452176583427352	0.00342311040085594	LOC110943384/LOC110913863/LOC110927094/LOC110941672/LOC110868526/LOC110885476/LOC110890116/LOC110920409/LOC110898686/LOC110899083/LOC110899084/LOC110904321/LOC110916994	13
nuclear exosome (RNase complex)	nuclear exosome (RNase complex)	9/2989	23/25972	0.391304347826087	3.40011927793213	4.15279377944016	0.000630152420678297	0.00452176583427352	0.00342311040085594	LOC110915756/LOC110865839/LOC110914632/LOC110868501/LOC118482256/LOC118481850/LOC110890567/LOC110898428/LOC110904377	9
eukaryotic translation initiation factor 4F complex	eukaryotic translation initiation factor 4F complex	6/2989	11/25972	0.545454545454545	4.73956020560236	4.47363037701776	0.000638002576616674	0.00452176583427352	0.00342311040085594	LOC110886582/LOC110893967/LOC110917469/LOC110904702/LOC110896011/LOC110922362	6
glucokinase activity	glucokinase activity	6/2989	11/25972	0.545454545454545	4.73956020560236	4.47363037701776	0.000638002576616674	0.00452176583427352	0.00342311040085594	LOC110924102/LOC110932197/LOC110886932/LOC110893760/LOC110898440/LOC110904304	6
glucose binding	glucose binding	6/2989	11/25972	0.545454545454545	4.73956020560236	4.47363037701776	0.000638002576616674	0.00452176583427352	0.00342311040085594	LOC110924102/LOC110932197/LOC110886932/LOC110893760/LOC110898440/LOC110904304	6
intracellular glucose homeostasis	intracellular glucose homeostasis	6/2989	11/25972	0.545454545454545	4.73956020560236	4.47363037701776	0.000638002576616674	0.00452176583427352	0.00342311040085594	LOC110924102/LOC110932197/LOC110886932/LOC110893760/LOC110898440/LOC110904304	6
mannokinase activity	mannokinase activity	6/2989	11/25972	0.545454545454545	4.73956020560236	4.47363037701776	0.000638002576616674	0.00452176583427352	0.00342311040085594	LOC110924102/LOC110932197/LOC110886932/LOC110893760/LOC110898440/LOC110904304	6
actin filament organization	actin filament organization	15/2989	53/25972	0.283018867924528	2.45920576705783	3.83485799352295	0.000694127546069411	0.00487224142914106	0.00368843078630001	LOC110936988/LOC110937308/LOC110865715/LOC110943163/LOC110885577/LOC110888229/LOC110890487/LOC110896077/LOC110896176/LOC110908223/LOC110910570/LOC110918584/LOC110920948/LOC110920923/LOC110886134	15
regulation of mRNA splicing, via spliceosome	regulation of mRNA splicing, via spliceosome	8/2989	19/25972	0.421052631578947	3.65860787800884	4.1806252526097	0.000712359818968955	0.0049525968366413	0.00374926220509976	LOC110942932/LOC110873893/LOC110870695/LOC110905025/LOC110911740/LOC118487610/LOC110911741/LOC110921181	8
post-mRNA release spliceosomal complex	post-mRNA release spliceosomal complex	7/2989	15/25972	0.466666666666667	4.05495706479313	4.26802964214	0.000737037138444598	0.00504807782619599	0.00382154413662998	LOC110931646/LOC110939951/LOC110930937/LOC110865702/LOC110878616/LOC110867993/LOC110924111	7
establishment or maintenance of cell polarity	establishment or maintenance of cell polarity	10/2989	28/25972	0.357142857142857	3.10328346795393	4.01570952926	0.000739923736168453	0.00504807782619599	0.00382154413662998	LOC110943163/LOC110885577/LOC110888229/LOC110896077/LOC110896176/LOC110908223/LOC110918584/LOC110920948/LOC110920923/LOC110886134	10
microtubule	microtubule	19/2989	76/25972	0.25	2.17229842756775	3.69090247973871	0.000793958492193025	0.00536657128982323	0.00406265310332688	LOC110867888/LOC118490578/LOC110929501/LOC110898952/LOC110940095/LOC110940904/LOC110865507/LOC110870589/LOC110884601/LOC110867693/LOC110867677/LOC110873866/LOC110878216/LOC110885516/LOC110937519/LOC110894717/LOC110897292/LOC110897777/LOC110918093	19
mitotic sister chromatid cohesion	mitotic sister chromatid cohesion	12/2989	39/25972	0.307692307692308	2.67359806469877	3.77190741109696	0.00104185827291011	0.00697758292866406	0.00528223653575866	LOC110930350/LOC110941138/LOC110868292/LOC110868291/LOC110878417/LOC110878568/LOC110884257/LOC110880939/LOC110891193/LOC110899404/LOC110899405/LOC110904491	12
Prp19 complex	Prp19 complex	8/2989	20/25972	0.4	3.4756774841084	3.99417954764883	0.00106812706624248	0.00708847962142737	0.00536618861030912	LOC110877988/LOC110931646/LOC110939951/LOC110930937/LOC110867993/LOC110872956/LOC110890703/LOC110924111	8
endoplasmic reticulum lumen	endoplasmic reticulum lumen	6/2989	12/25972	0.5	4.3445968551355	4.17913106048439	0.00115182441611203	0.00744098959081225	0.00563304907739933	LOC110903994/LOC110908094/LOC110930261/LOC110930260/LOC110901836/LOC110926376	6
proton export across plasma membrane	proton export across plasma membrane	6/2989	12/25972	0.5	4.3445968551355	4.17913106048439	0.00115182441611203	0.00744098959081225	0.00563304907739933	LOC110935782/LOC110940643/LOC110941955/LOC110865545/LOC110873767/LOC110894008	6
root development	root development	6/2989	12/25972	0.5	4.3445968551355	4.17913106048439	0.00115182441611203	0.00744098959081225	0.00563304907739933	LOC110927323/LOC118483922/LOC110919601/LOC110890427/LOC110907185/LOC110916223	6
mRNA cis splicing, via spliceosome	mRNA cis splicing, via spliceosome	7/2989	16/25972	0.4375	3.80152224824356	4.04239845695066	0.00118057716107277	0.00755983620686946	0.0057230194788846	LOC110868360/LOC110872101/LOC110872819/LOC110879745/LOC110885756/LOC110896446/LOC110904434	7
chaperone cofactor-dependent protein refolding	chaperone cofactor-dependent protein refolding	22/2989	99/25972	0.222222222222222	1.93093193561578	3.34669447838632	0.00173252703458778	0.0109977803065138	0.00832564478863695	LOC110864547/LOC110903994/LOC110929044/LOC110908124/LOC110930261/LOC110930260/LOC110936435/LOC110939778/LOC110939857/LOC110940025/LOC110940013/LOC110918978/LOC110918971/LOC110872564/LOC110912729/LOC110877876/LOC110884797/LOC110890350/LOC110901836/LOC110940196/LOC110940198/LOC110926376	22
cytoplasmic translation	cytoplasmic translation	21/2989	93/25972	0.225806451612903	1.96207599909345	3.35182275143615	0.00176683122603449	0.0111188516810791	0.00841729939807721	LOC110884280/LOC110935448/LOC110933374/LOC110877987/LOC110940663/LOC110943821/LOC110868208/LOC110869181/LOC110872203/LOC110872759/LOC110891522/LOC110894164/LOC118479225/LOC110895335/LOC110897976/LOC110928777/LOC110905027/LOC110885914/LOC110912138/LOC110918774/LOC110915444	21
cytoplasmic vesicle	cytoplasmic vesicle	10/2989	31/25972	0.32258064516129	2.80296571299064	3.62225393592918	0.00181000512461393	0.0111974893302387	0.00847683042303581	LOC110943163/LOC110885577/LOC110888229/LOC110896077/LOC110896176/LOC110908223/LOC110918584/LOC110920948/LOC110920923/LOC110886134	10
cytoskeleton	cytoskeleton	10/2989	31/25972	0.32258064516129	2.80296571299064	3.62225393592918	0.00181000512461393	0.0111974893302387	0.00847683042303581	LOC110943163/LOC110885577/LOC110888229/LOC110896077/LOC110896176/LOC110908223/LOC110918584/LOC110920948/LOC110920923/LOC110886134	10
embryo development ending in seed dormancy	embryo development ending in seed dormancy	6/2989	13/25972	0.461538461538462	4.01039709704815	3.91521322113381	0.00193144698309982	0.0116525313856435	0.00882131071011226	LOC110927323/LOC118483922/LOC110919601/LOC110890427/LOC110926461/LOC110916223	6
glucose 6-phosphate metabolic process	glucose 6-phosphate metabolic process	6/2989	13/25972	0.461538461538462	4.01039709704815	3.91521322113381	0.00193144698309982	0.0116525313856435	0.00882131071011226	LOC110924102/LOC110932197/LOC110886932/LOC110893760/LOC110898440/LOC110904304	6
histone acetyltransferase activity	histone acetyltransferase activity	6/2989	13/25972	0.461538461538462	4.01039709704815	3.91521322113381	0.00193144698309982	0.0116525313856435	0.00882131071011226	LOC110941377/LOC110871933/LOC110879368/LOC110889535/LOC110889539/LOC110904255	6
cell cortex	cell cortex	10/2989	32/25972	0.3125	2.71537303445969	3.50148699059505	0.00236451846594669	0.0141483481978778	0.0107107178138224	LOC110943163/LOC110885577/LOC110888229/LOC110896077/LOC110896176/LOC110908223/LOC110918584/LOC110920948/LOC110920923/LOC110886134	10
peptidyl-serine phosphorylation	peptidyl-serine phosphorylation	25/2989	121/25972	0.206611570247934	1.79528795666756	3.16214916227839	0.00256464350116392	0.015221054925607	0.0115227885161409	LOC110885804/LOC110876620/LOC110924735/LOC110930824/LOC110936794/LOC110938065/LOC110939632/LOC110939818/LOC110867810/LOC110868469/LOC110872101/LOC110873588/LOC110877153/LOC110908201/LOC110890288/LOC110890253/LOC110890888/LOC110899783/LOC110899983/LOC110899952/LOC110909911/LOC110910375/LOC110910790/LOC110912508/LOC110917951	25
cysteine-type deubiquitinase activity	cysteine-type deubiquitinase activity	18/2989	78/25972	0.230769230769231	2.00519854852408	3.20629529279803	0.00282882662493806	0.0166535760984257	0.0126072493895796	LOC110877675/LOC110925356/LOC110929653/LOC110940942/LOC110941734/LOC110864484/LOC110921118/LOC110868259/LOC110873440/LOC110873860/LOC110885745/LOC110886590/LOC118484768/LOC110898217/LOC110898899/LOC110899783/LOC110868191/LOC110922301	18
tRNA binding	tRNA binding	10/2989	33/25972	0.303030303030303	2.63308900311242	3.38527648751292	0.00304741509457282	0.0176828965973527	0.0133864754341892	LOC110878606/LOC110868906/LOC110918623/LOC110872558/LOC110877480/LOC110886307/LOC110890790/LOC110912340/LOC110891673/LOC110911930	10
DNA-3-methyladenine glycosylase activity	DNA-3-methyladenine glycosylase activity	5/2989	10/25972	0.5	4.3445968551355	3.81486030568432	0.0030763395450189	0.0176828965973527	0.0133864754341892	LOC110941607/LOC110873780/LOC110878888/LOC110878887/LOC110915322	5
N-terminal peptidyl-methionine acetylation	N-terminal peptidyl-methionine acetylation	5/2989	10/25972	0.5	4.3445968551355	3.81486030568432	0.0030763395450189	0.0176828965973527	0.0133864754341892	LOC110897270/LOC110873230/LOC110886678/LOC110904579/LOC110914975	5
base-excision repair	base-excision repair	9/2989	28/25972	0.321428571428571	2.79295512115853	3.4232128361547	0.00312470298276507	0.0178205716985821	0.0134906995555236	LOC110936583/LOC110941607/LOC110873780/LOC110878888/LOC110878887/LOC110898330/LOC110908354/LOC110868980/LOC110915322	9
protein kinase binding	protein kinase binding	11/2989	39/25972	0.282051282051282	2.45079822597387	3.26976751227429	0.00358869886302639	0.020308140852785	0.0153738629383015	LOC110943828/LOC110943163/LOC110885577/LOC110888229/LOC110896077/LOC110896176/LOC110908223/LOC110918584/LOC110920948/LOC110920923/LOC110886134	11
actin nucleation	actin nucleation	6/2989	15/25972	0.4	3.4756774841084	3.45872778649631	0.00459656391261801	0.0254203913349329	0.0192439876724438	LOC110878294/LOC110929673/LOC110942068/LOC110873627/LOC110889950/LOC110911028	6
regulatory ncRNA-mediated post-transcriptional gene silencing	regulatory ncRNA-mediated post-transcriptional gene silencing	6/2989	15/25972	0.4	3.4756774841084	3.45872778649631	0.00459656391261801	0.0254203913349329	0.0192439876724438	LOC110873882/LOC110890939/LOC110904847/LOC110914935/LOC110914933/LOC110886125	6
spliceosomal complex assembly	spliceosomal complex assembly	6/2989	15/25972	0.4	3.4756774841084	3.45872778649631	0.00459656391261801	0.0254203913349329	0.0192439876724438	LOC110931646/LOC110939951/LOC110927298/LOC110898522/LOC110867993/LOC110924111	6
fructose-bisphosphate aldolase activity	fructose-bisphosphate aldolase activity	5/2989	11/25972	0.454545454545455	3.94963350466863	3.52864222583881	0.00510828701868742	0.027419481791484	0.0207573582415704	LOC110882734/LOC110898521/LOC118484311/LOC110908353/LOC110923455	5
Golgi transport complex	Golgi transport complex	5/2989	11/25972	0.454545454545455	3.94963350466863	3.52864222583881	0.00510828701868742	0.027419481791484	0.0207573582415704	LOC110879325/LOC110880190/LOC110893895/LOC110916797/LOC110923057	5
nuclear membrane organization	nuclear membrane organization	5/2989	11/25972	0.454545454545455	3.94963350466863	3.52864222583881	0.00510828701868742	0.027419481791484	0.0207573582415704	LOC110868254/LOC110889248/LOC110868330/LOC110868329/LOC110872336	5
Swr1 complex	Swr1 complex	5/2989	11/25972	0.454545454545455	3.94963350466863	3.52864222583881	0.00510828701868742	0.027419481791484	0.0207573582415704	LOC110881025/LOC118480428/LOC110886117/LOC110891114/LOC110904307	5
catalytic step 2 spliceosome	catalytic step 2 spliceosome	17/2989	77/25972	0.220779220779221	1.91839341655334	2.91051674249585	0.00588276119134624	0.0313460997787063	0.0237299241295181	LOC110927298/LOC110930937/LOC110935725/LOC110926743/LOC110902296/LOC110898522/LOC110908440/LOC110872447/LOC110870968/LOC110879639/LOC110886153/LOC110890756/LOC110894946/LOC110893245/LOC110885822/LOC110912482/LOC110920763	17
inorganic diphosphate phosphatase activity	inorganic diphosphate phosphatase activity	6/2989	16/25972	0.375	3.25844764135162	3.25878021001886	0.00664615596354516	0.0349042723265321	0.0264235659285211	LOC110935741/LOC110939579/LOC110877370/LOC110886632/LOC110916370/LOC110924809	6
metal ion transport	metal ion transport	6/2989	16/25972	0.375	3.25844764135162	3.25878021001886	0.00664615596354516	0.0349042723265321	0.0264235659285211	LOC110881329/LOC110915178/LOC110868343/LOC110889223/LOC110891264/LOC110903996	6
positive regulation of proteasomal ubiquitin-dependent protein catabolic process	positive regulation of proteasomal ubiquitin-dependent protein catabolic process	12/2989	48/25972	0.25	2.17229842756775	2.93164736587556	0.00697407707097833	0.0363648304415299	0.0275292515959671	LOC110911102/LOC110911083/LOC110886277/LOC110898949/LOC110898948/LOC110898945/LOC110898946/LOC110941141/LOC110926657/LOC110899031/LOC110937105/LOC110886869	12
helicase activity	helicase activity	8/2989	26/25972	0.307692307692308	2.67359806469877	3.07897786826419	0.00705293546421589	0.0365151977934581	0.0276430841262661	LOC110919087/LOC110936921/LOC110867505/LOC110884986/LOC110872167/LOC110905074/LOC110918239/LOC110920763	8
carbon fixation	carbon fixation	5/2989	12/25972	0.416666666666667	3.62049737927958	3.27435636221741	0.0079343317348127	0.0405039312336593	0.030662673248264	LOC110909114/LOC110885880/LOC110929879/LOC110897458/LOC110912914	5
nucleocytoplasmic transport	nucleocytoplasmic transport	5/2989	12/25972	0.416666666666667	3.62049737927958	3.27435636221741	0.0079343317348127	0.0405039312336593	0.030662673248264	LOC110911471/LOC110911506/LOC110872343/LOC110929971/LOC110937830	5
fructokinase activity	fructokinase activity	6/2989	17/25972	0.352941176470588	3.06677425068388	3.07404995930922	0.00928476273505775	0.0466722481301322	0.0353322714755868	LOC110924102/LOC110932197/LOC110886932/LOC110893760/LOC110898440/LOC110904304	6
sphingosine biosynthetic process	sphingosine biosynthetic process	6/2989	17/25972	0.352941176470588	3.06677425068388	3.07404995930922	0.00928476273505775	0.0466722481301322	0.0353322714755868	LOC110878302/LOC110940008/LOC118492524/LOC110940011/LOC110941387/LOC110890746	6
90S preribosome	90S preribosome	7/2989	22/25972	0.318181818181818	2.76474345326804	2.9862638286995	0.00946231879898571	0.0466722481301322	0.0353322714755868	LOC110904420/LOC110935448/LOC110937141/LOC110918623/LOC110894164/LOC110912268/LOC110926290	7
gene silencing by RNA-directed DNA methylation	gene silencing by RNA-directed DNA methylation	7/2989	22/25972	0.318181818181818	2.76474345326804	2.9862638286995	0.00946231879898571	0.0466722481301322	0.0353322714755868	LOC110929801/LOC110932934/LOC110935788/LOC110926743/LOC110902296/LOC110908440/LOC110890756	7
Ino80 complex	Ino80 complex	7/2989	22/25972	0.318181818181818	2.76474345326804	2.9862638286995	0.00946231879898571	0.0466722481301322	0.0353322714755868	LOC110936367/LOC110864608/LOC118480428/LOC110886117/LOC110904307/LOC110911299/LOC110926407	7
